{"initial_reset_timestamp": 1573144302.4612336, "timestamps": [1573144303.482474, 1573144303.8227212, 1573144303.9611702, 1573144304.0804384, 1573144304.1976998, 1573144304.2930427, 1573144304.4056242, 1573144304.5564854, 1573144304.7560327, 1573144304.8651206, 1573144305.029448, 1573144305.2183917, 1573144305.3127708, 1573144305.441384, 1573144305.5300982, 1573144305.6803496, 1573144305.7976687, 1573144305.8921578, 1573144306.0086246, 1573144306.0921283, 1573144306.1848013, 1573144306.3196473, 1573144306.4892206, 1573144306.5821075, 1573144306.6739333, 1573144306.7635522, 1573144306.8754659, 1573144307.0693953, 1573144307.186837, 1573144307.303147, 1573144307.4240468, 1573144307.5420098, 1573144307.6906736, 1573144307.8145258, 1573144307.9775348, 1573144308.1297753, 1573144308.2166398, 1573144308.3322575, 1573144308.4726229, 1573144308.5624757, 1573144308.6551623, 1573144308.77329, 1573144308.8873985, 1573144308.9735029, 1573144309.069557, 1573144309.250134, 1573144309.3375835, 1573144309.444918, 1573144309.5579226], "episode_lengths": [114, 181, 150, 141, 144, 114, 138, 189, 120, 120, 210, 244, 120, 156, 116, 191, 153, 109, 155, 111, 118, 175, 221, 120, 120, 115, 145, 110, 137, 121, 150, 146, 188, 155, 207, 190, 117, 145, 181, 109, 118, 149, 147, 110, 116, 214, 114, 140, 149], "episode_rewards": [-8.0, -6.0, -7.0, -7.0, -7.0, -8.0, -7.0, -6.0, -8.0, -8.0, -5.0, -4.0, -8.0, -7.0, -8.0, -6.0, -7.0, -8.0, -7.0, -8.0, -8.0, -6.0, -5.0, -8.0, -8.0, -8.0, -7.0, -8.0, -7.0, -8.0, -7.0, -7.0, -6.0, -7.0, -5.0, -6.0, -8.0, -7.0, -6.0, -8.0, -8.0, -7.0, -7.0, -8.0, -8.0, -5.0, -8.0, -7.0, -7.0], "episode_types": ["t", "t", "t", "t", "t", "t", "t", "t", "t", "t", "t", "t", "t", "t", "t", "t", "t", "t", "t", "t", "t", "t", "t", "t", "t", "t", "t", "t", "t", "t", "t", "t", "t", "t", "t", "t", "t", "t", "t", "t", "t", "t", "t", "t", "t", "t", "t", "t", "t", "t"]}